lat,lon,datetime,id
39.984094,116.319236,2008-10-23 16:53:05,001
39.984198,116.319322,2008-10-23 16:53:06,001
39.984224,116.319402,2008-10-23 05:53:11,001
39.984211,116.319389,2008-10-23 05:53:16,001
39.984217,116.319422,2008-10-23 05:53:21,001
39.98471,116.319865,2008-10-23 05:53:23,001
39.984674,116.31981,2008-10-23 05:53:28,001
39.984623,116.319773,2008-10-23 05:53:33,001
39.984606,116.319732,2008-10-23 05:53:38,001
39.984555,116.319728,2008-10-23 05:53:43,001
39.984579,116.319769,2008-10-23 05:53:48,001
39.984579,116.319769,2008-10-23 05:53:51,001
39.984577,116.319766,2008-10-23 05:53:53,001
39.984611,116.319822,2008-10-23 05:53:58,001
39.984959,116.319969,2008-10-23 05:54:03,001
39.985036,116.320056,2008-10-23 05:54:04,001
39.984741,116.320037,2008-10-23 05:54:05,001
39.98462,116.32012,2008-10-23 05:54:07,001
39.98453,116.320242,2008-10-23 05:54:11,001
39.984508,116.320331,2008-10-23 05:54:16,001
39.984537,116.320443,2008-10-23 05:54:21,001
39.984529,116.320573,2008-10-23 05:54:26,001
39.984466,116.320683,2008-10-23 05:54:30,001
39.984409,116.320778,2008-10-23 05:54:34,001
39.98432,116.320808,2008-10-23 05:54:38,001
39.984252,116.320826,2008-10-23 05:54:43,001
39.984238,116.320844,2008-10-23 05:54:48,001
39.984232,116.320853,2008-10-23 05:54:53,001
39.984246,116.32087,2008-10-23 05:54:58,001
39.984266,116.320876,2008-10-23 05:55:03,001
39.984284,116.320922,2008-10-23 05:55:08,001
39.984349,116.320935,2008-10-23 05:55:13,001
39.98436,116.320924,2008-10-23 05:55:18,001
39.984334,116.320914,2008-10-23 05:55:23,001
39.984225,116.320923,2008-10-23 05:55:28,001
39.984119,116.320926,2008-10-23 05:55:32,001
39.984007,116.320958,2008-10-23 05:55:36,001
39.983916,116.32098,2008-10-23 05:55:39,001
39.98382,116.321003,2008-10-23 05:55:42,001
39.983724,116.321005,2008-10-23 05:55:45,001
39.98363,116.321032,2008-10-23 05:55:48,001
39.983535,116.321053,2008-10-23 05:55:51,001
39.983434,116.321077,2008-10-23 05:55:54,001
39.983329,116.321087,2008-10-23 05:55:57,001
39.983212,116.321099,2008-10-23 05:56:00,001
39.983088,116.321126,2008-10-23 05:56:03,001
39.982974,116.321144,2008-10-23 05:56:06,001
39.982878,116.321185,2008-10-23 05:56:09,001
39.982782,116.3212,2008-10-23 05:56:12,001
39.982688,116.321225,2008-10-23 05:56:17,001
39.982586,116.321225,2008-10-23 05:56:19,001
39.982478,116.321214,2008-10-23 05:56:22,001
39.982366,116.321192,2008-10-23 05:56:26,001
39.982254,116.321191,2008-10-23 05:56:30,001
39.98216,116.321188,2008-10-23 05:56:34,001
39.982069,116.321219,2008-10-23 05:56:38,001
39.98198,116.321244,2008-10-23 05:56:42,001
39.981885,116.321277,2008-10-23 05:56:45,001
39.981777,116.321291,2008-10-23 05:56:48,001
39.981674,116.321294,2008-10-23 05:56:50,001
39.981561,116.321297,2008-10-23 05:56:53,001
39.981441,116.321305,2008-10-23 05:56:55,001
39.981346,116.321293,2008-10-23 05:56:57,001
39.981252,116.321314,2008-10-23 05:57:00,001
39.981158,116.321307,2008-10-23 05:57:03,001
39.98106,116.321323,2008-10-23 05:57:06,001
39.980961,116.321333,2008-10-23 05:57:09,001
39.98086,116.321351,2008-10-23 05:57:13,001
39.980773,116.321312,2008-10-23 05:57:16,001
39.980678,116.321324,2008-10-23 05:57:19,001
39.980584,116.321342,2008-10-23 05:57:22,001
39.980495,116.321382,2008-10-23 05:57:25,001
39.980395,116.321411,2008-10-23 05:57:28,001
39.980291,116.32143,2008-10-23 05:57:32,001
39.980198,116.321412,2008-10-23 05:57:35,001
39.980071,116.321434,2008-10-23 05:57:38,001
39.979976,116.321439,2008-10-23 05:57:41,001
39.979886,116.321473,2008-10-23 05:57:45,001
39.979776,116.321522,2008-10-23 05:57:49,001
39.979702,116.321564,2008-10-23 05:57:54,001
39.979713,116.321616,2008-10-23 05:57:59,001
39.979713,116.321616,2008-10-23 05:58:02,001
39.979707,116.321617,2008-10-23 05:58:04,001
39.979719,116.321639,2008-10-23 05:58:09,001
39.979717,116.321691,2008-10-23 05:58:14,001
39.979675,116.321805,2008-10-23 05:58:18,001
39.979699,116.321901,2008-10-23 05:58:23,001
39.979715,116.321938,2008-10-23 05:58:28,001
39.979737,116.322021,2008-10-23 05:58:33,001
39.979683,116.322207,2008-10-23 05:58:38,001
39.979642,116.322218,2008-10-23 05:58:43,001
39.979657,116.322241,2008-10-23 05:58:48,001
39.97964,116.322298,2008-10-23 05:58:53,001
39.979642,116.322392,2008-10-23 05:58:58,001
39.979637,116.322538,2008-10-23 05:59:02,001
39.979622,116.322669,2008-10-23 05:59:05,001
39.97957,116.322801,2008-10-23 05:59:08,001
39.979546,116.322926,2008-10-23 05:59:11,001
39.97955,116.323046,2008-10-23 05:59:14,001
39.979565,116.323193,2008-10-23 05:59:16,001
39.979571,116.323331,2008-10-23 05:59:19,001
39.979639,116.323447,2008-10-23 05:59:23,001
39.979682,116.323556,2008-10-23 05:59:26,001
39.979661,116.3237,2008-10-23 05:59:30,001
39.97964,116.323856,2008-10-23 05:59:34,001
39.979701,116.323967,2008-10-23 05:59:36,001
39.979754,116.324116,2008-10-23 05:59:39,001
39.979767,116.324245,2008-10-23 05:59:42,001
39.979764,116.324395,2008-10-23 05:59:45,001
39.979758,116.324513,2008-10-23 05:59:47,001
39.979743,116.324668,2008-10-23 05:59:50,001
39.979725,116.324794,2008-10-23 05:59:52,001
39.979691,116.324938,2008-10-23 05:59:54,001
39.979672,116.325033,2008-10-23 05:59:59,001
39.979625,116.325142,2008-10-23 06:00:03,001
39.979609,116.325282,2008-10-23 06:00:06,001
39.979658,116.325396,2008-10-23 06:00:09,001
39.979687,116.325512,2008-10-23 06:00:12,001
39.979689,116.325673,2008-10-23 06:00:15,001
39.979678,116.325816,2008-10-23 06:00:18,001
39.979673,116.325961,2008-10-23 06:00:22,001
39.979674,116.326093,2008-10-23 06:00:25,001
39.979671,116.326222,2008-10-23 06:00:27,001
39.979655,116.326375,2008-10-23 06:00:30,001
39.979638,116.326537,2008-10-23 06:00:33,001
39.979627,116.326658,2008-10-23 06:00:36,001
39.979641,116.326802,2008-10-23 06:00:40,001
39.979626,116.326941,2008-10-23 06:00:43,001
39.979536,116.326989,2008-10-23 06:00:46,001
39.979432,116.327019,2008-10-23 06:00:49,001
39.979315,116.327054,2008-10-23 06:00:53,001
39.979229,116.327109,2008-10-23 06:00:56,001
39.979127,116.327228,2008-10-23 06:00:59,001
39.979034,116.32722,2008-10-23 06:01:02,001
39.978928,116.327229,2008-10-23 06:01:05,001
39.978826,116.327245,2008-10-23 06:01:08,001
39.978721,116.327246,2008-10-23 06:01:11,001
39.978624,116.327267,2008-10-23 06:01:14,001
39.978532,116.327277,2008-10-23 06:01:17,001
39.978429,116.327274,2008-10-23 06:01:20,001
39.978311,116.327259,2008-10-23 06:01:24,001
39.978195,116.327274,2008-10-23 06:01:28,001
39.978104,116.32731,2008-10-23 06:01:32,001
39.978027,116.327367,2008-10-23 06:01:37,001
39.978014,116.327423,2008-10-23 06:01:42,001
39.97803,116.327481,2008-10-23 06:01:47,001
39.978051,116.327538,2008-10-23 06:01:52,001
39.978068,116.327554,2008-10-23 06:01:57,001
39.970511,116.341455,2008-10-23 10:32:53,001
39.977648,116.326925,2008-10-23 10:33:00,001
39.977586,116.326918,2008-10-23 10:33:05,001
39.977596,116.326894,2008-10-23 10:33:10,001
39.977661,116.326947,2008-10-23 10:33:14,001
39.977647,116.326951,2008-10-23 10:33:19,001
39.977653,116.326857,2008-10-23 10:33:24,001
39.977688,116.326887,2008-10-23 10:33:29,001
39.977748,116.326978,2008-10-23 10:33:33,001
39.97781,116.326995,2008-10-23 10:33:38,001
39.977909,116.327128,2008-10-23 10:33:43,001
39.977979,116.327218,2008-10-23 10:33:47,001
39.978093,116.327214,2008-10-23 10:33:50,001
39.978198,116.32719,2008-10-23 10:33:53,001
39.978254,116.327165,2008-10-23 10:33:58,001
39.978273,116.327255,2008-10-23 10:34:03,001
39.978385,116.327279,2008-10-23 10:34:04,001
39.978487,116.327293,2008-10-23 10:34:06,001
39.978611,116.327292,2008-10-23 10:34:08,001
39.97872,116.327293,2008-10-23 10:34:11,001
39.978803,116.327292,2008-10-23 10:34:16,001
39.978883,116.327259,2008-10-23 10:34:21,001
39.978971,116.327242,2008-10-23 10:34:24,001
39.979016,116.327244,2008-10-23 10:34:29,001
39.979017,116.327211,2008-10-23 10:34:34,001
39.979013,116.327154,2008-10-23 10:34:39,001
39.979088,116.327131,2008-10-23 10:34:44,001
39.979104,116.327143,2008-10-23 10:34:49,001
39.979195,116.327168,2008-10-23 10:34:52,001
39.979293,116.327209,2008-10-23 10:34:55,001
39.979394,116.327208,2008-10-23 10:34:58,001
39.979497,116.327198,2008-10-23 10:35:00,001
39.979629,116.327197,2008-10-23 10:35:02,001
39.979719,116.327182,2008-10-23 10:35:05,001
39.979831,116.327185,2008-10-23 10:35:07,001
39.979919,116.327151,2008-10-23 10:35:12,001
39.979973,116.327109,2008-10-23 10:35:17,001
39.980092,116.327084,2008-10-23 10:35:21,001
39.980126,116.327037,2008-10-23 10:35:26,001
39.980188,116.326994,2008-10-23 10:35:31,001
39.98028,116.326988,2008-10-23 10:35:36,001
39.980404,116.326978,2008-10-23 10:35:39,001
39.980522,116.326976,2008-10-23 10:35:43,001
39.980658,116.326933,2008-10-23 10:35:45,001
39.980765,116.326905,2008-10-23 10:35:48,001
39.98087,116.326873,2008-10-23 10:35:51,001
39.980956,116.32682,2008-10-23 10:35:55,001
39.981364,116.326798,2008-10-23 10:36:01,001
39.981473,116.326765,2008-10-23 10:36:03,001
39.981748,116.326759,2008-10-23 10:36:06,001
39.981959,116.326767,2008-10-23 10:36:07,001
39.982049,116.326757,2008-10-23 10:36:08,001
39.982175,116.326752,2008-10-23 10:36:09,001
39.98228,116.326754,2008-10-23 10:36:10,001
39.982387,116.326752,2008-10-23 10:36:12,001
39.982508,116.326766,2008-10-23 10:36:15,001
39.982601,116.32673,2008-10-23 10:36:20,001
39.982675,116.326684,2008-10-23 10:36:25,001
39.982808,116.32671,2008-10-23 10:36:29,001
39.982922,116.326697,2008-10-23 10:36:32,001
39.983115,116.326693,2008-10-23 10:36:35,001
39.983215,116.326708,2008-10-23 10:36:38,001
39.98336,116.326707,2008-10-23 10:36:42,001
39.983434,116.326665,2008-10-23 10:36:47,001
39.983559,116.326665,2008-10-23 10:36:50,001
39.983719,116.326661,2008-10-23 10:36:52,001
39.983839,116.326694,2008-10-23 10:36:54,001
39.983933,116.326715,2008-10-23 10:36:56,001
39.984062,116.326728,2008-10-23 10:37:00,001
39.984142,116.326753,2008-10-23 10:37:05,001
39.984164,116.326724,2008-10-23 10:37:10,001
39.984262,116.326723,2008-10-23 10:37:15,001
39.984354,116.326715,2008-10-23 10:37:18,001
39.984457,116.326711,2008-10-23 10:37:21,001
39.984559,116.326696,2008-10-23 10:37:26,001
39.984669,116.326711,2008-10-23 10:37:30,001
39.984783,116.326683,2008-10-23 10:37:35,001
39.984889,116.326672,2008-10-23 10:37:39,001
39.985019,116.326677,2008-10-23 10:37:42,001
39.985106,116.326694,2008-10-23 10:37:43,001
39.985197,116.326686,2008-10-23 10:37:45,001
39.985304,116.326664,2008-10-23 10:37:48,001
39.985454,116.32661,2008-10-23 10:37:52,001
39.985546,116.326565,2008-10-23 10:37:57,001
39.985645,116.326589,2008-10-23 10:38:00,001
39.985752,116.326618,2008-10-23 10:38:03,001
39.98585,116.326633,2008-10-23 10:38:06,001
39.985948,116.326605,2008-10-23 10:38:10,001
39.986049,116.326554,2008-10-23 10:38:14,001
39.986141,116.326524,2008-10-23 10:38:17,001
39.986234,116.326502,2008-10-23 10:38:20,001
39.98631,116.326464,2008-10-23 10:38:25,001
39.986409,116.326442,2008-10-23 10:38:29,001
39.986534,116.326476,2008-10-23 10:38:33,001
39.986654,116.326505,2008-10-23 10:38:36,001
39.986744,116.326486,2008-10-23 10:38:40,001
39.98685,116.3265,2008-10-23 10:38:45,001
39.986948,116.326512,2008-10-23 10:38:49,001
39.987047,116.326512,2008-10-23 10:38:53,001
39.987142,116.326512,2008-10-23 10:38:57,001
39.987248,116.326502,2008-10-23 10:38:59,001
39.987344,116.326511,2008-10-23 10:39:01,001
39.987398,116.326519,2008-10-23 10:39:06,001
39.987456,116.326508,2008-10-23 10:39:11,001
39.987562,116.326498,2008-10-23 10:39:14,001
39.987671,116.3265,2008-10-23 10:39:18,001
39.987888,116.326508,2008-10-23 10:39:21,001
39.98803,116.326502,2008-10-23 10:39:25,001
39.98813,116.326492,2008-10-23 10:39:28,001
39.988222,116.326499,2008-10-23 10:39:29,001
39.988316,116.326498,2008-10-23 10:39:31,001
39.988416,116.326486,2008-10-23 10:39:33,001
39.988512,116.326463,2008-10-23 10:39:35,001
39.988603,116.326457,2008-10-23 10:39:39,001
39.988756,116.326488,2008-10-23 10:39:42,001
39.988863,116.326523,2008-10-23 10:39:46,001
39.988955,116.326536,2008-10-23 10:39:50,001
39.989061,116.326564,2008-10-23 10:39:54,001
39.989152,116.326546,2008-10-23 10:39:58,001
39.989228,116.326508,2008-10-23 10:40:03,001
39.989329,116.326511,2008-10-23 10:40:05,001
39.989436,116.326531,2008-10-23 10:40:07,001
39.989539,116.326552,2008-10-23 10:40:09,001
39.989655,116.326553,2008-10-23 10:40:13,001
39.989754,116.326547,2008-10-23 10:40:16,001
39.989851,116.326565,2008-10-23 10:40:18,001
39.989959,116.326584,2008-10-23 10:40:20,001
39.990055,116.326581,2008-10-23 10:40:23,001
39.990163,116.326564,2008-10-23 10:40:27,001
39.990239,116.326496,2008-10-23 10:40:31,001
39.990333,116.326549,2008-10-23 10:40:35,001
39.990438,116.326557,2008-10-23 10:40:39,001
39.990497,116.32642,2008-10-23 10:40:43,001
39.990585,116.326398,2008-10-23 10:40:48,001
39.990695,116.326407,2008-10-23 10:40:52,001
39.990827,116.326407,2008-10-23 10:40:56,001
39.990935,116.32636,2008-10-23 10:40:57,001
39.991013,116.326384,2008-10-23 10:41:02,001
39.991085,116.326372,2008-10-23 10:41:07,001
39.991125,116.326344,2008-10-23 10:41:12,001
39.991145,116.326347,2008-10-23 10:41:17,001
39.991145,116.326347,2008-10-23 10:41:20,001
39.991152,116.326348,2008-10-23 10:41:22,001
39.991162,116.326348,2008-10-23 10:41:27,001
39.991185,116.326337,2008-10-23 10:41:32,001
39.991202,116.326333,2008-10-23 10:41:37,001
39.99129,116.326351,2008-10-23 10:41:42,001
39.991404,116.326377,2008-10-23 10:41:46,001
39.991491,116.326426,2008-10-23 10:41:48,001
39.991524,116.326407,2008-10-23 10:41:53,001
39.991524,116.326407,2008-10-23 10:41:56,001
39.991529,116.326411,2008-10-23 10:41:58,001
39.991574,116.326394,2008-10-23 10:42:03,001
39.991652,116.326414,2008-10-23 10:42:08,001
39.991752,116.326444,2008-10-23 10:42:12,001
39.991822,116.326412,2008-10-23 10:42:17,001
39.991873,116.32641,2008-10-23 10:42:22,001
39.991962,116.326315,2008-10-23 10:42:26,001
39.992068,116.326353,2008-10-23 10:42:30,001
39.992164,116.326382,2008-10-23 10:42:34,001
39.992345,116.326371,2008-10-23 10:42:36,001
39.992429,116.326376,2008-10-23 10:42:41,001
39.992483,116.32635,2008-10-23 10:42:46,001
39.99256,116.326412,2008-10-23 10:42:51,001
39.992606,116.326408,2008-10-23 10:42:56,001
39.992705,116.32639,2008-10-23 10:43:00,001
39.992811,116.3264,2008-10-23 10:43:03,001
39.992898,116.326384,2008-10-23 10:43:08,001
39.993013,116.326371,2008-10-23 10:43:11,001
39.993135,116.326407,2008-10-23 10:43:15,001
39.993176,116.326443,2008-10-23 10:43:20,001
39.993278,116.326446,2008-10-23 10:43:24,001
39.993332,116.326481,2008-10-23 10:43:29,001
39.993433,116.326457,2008-10-23 10:43:33,001
39.993555,116.326506,2008-10-23 10:43:35,001
39.993658,116.326521,2008-10-23 10:43:38,001
39.993742,116.326543,2008-10-23 10:43:43,001
39.993839,116.326525,2008-10-23 10:43:46,001
39.99393,116.32655,2008-10-23 10:43:48,001
39.994054,116.326577,2008-10-23 10:43:52,001
39.994174,116.326612,2008-10-23 10:43:56,001
39.994266,116.326611,2008-10-23 10:43:58,001
39.994398,116.326473,2008-10-23 10:44:00,001
39.994501,116.326438,2008-10-23 10:44:02,001
39.994625,116.326408,2008-10-23 10:44:05,001
39.99472,116.326429,2008-10-23 10:44:07,001
39.994825,116.326445,2008-10-23 10:44:08,001
39.99492,116.326483,2008-10-23 10:44:10,001
39.99498,116.32653,2008-10-23 10:44:15,001
39.995123,116.326535,2008-10-23 10:44:19,001
39.995042,116.326465,2008-10-23 10:44:24,001
39.995125,116.326518,2008-10-23 10:44:27,001
39.995183,116.32649,2008-10-23 10:44:32,001
39.995268,116.32648,2008-10-23 10:44:37,001
39.995384,116.326484,2008-10-23 10:44:41,001
39.995343,116.326377,2008-10-23 10:44:43,001
39.995436,116.32634,2008-10-23 10:44:47,001
39.995529,116.326325,2008-10-23 10:44:51,001
39.99564,116.326413,2008-10-23 10:44:52,001
39.995749,116.326488,2008-10-23 10:44:53,001
39.995853,116.326562,2008-10-23 10:44:55,001
39.995894,116.326665,2008-10-23 10:44:59,001
39.995959,116.326688,2008-10-23 10:45:04,001
39.996067,116.326669,2008-10-23 10:45:09,001
39.996175,116.326658,2008-10-23 10:45:14,001
39.996276,116.326627,2008-10-23 10:45:19,001
39.99638,116.326567,2008-10-23 10:45:24,001
39.99649,116.32652,2008-10-23 10:45:28,001
39.996583,116.326516,2008-10-23 10:45:31,001
39.996716,116.326529,2008-10-23 10:45:34,001
39.996811,116.326558,2008-10-23 10:45:36,001
39.996921,116.32659,2008-10-23 10:45:39,001
39.997015,116.326629,2008-10-23 10:45:41,001
39.997121,116.326636,2008-10-23 10:45:43,001
39.997212,116.326645,2008-10-23 10:45:46,001
39.99732,116.32664,2008-10-23 10:45:50,001
39.997412,116.326632,2008-10-23 10:45:52,001
39.997507,116.326609,2008-10-23 10:45:56,001
39.997611,116.326565,2008-10-23 10:46:00,001
39.997701,116.326538,2008-10-23 10:46:03,001
39.997818,116.326508,2008-10-23 10:46:07,001
39.997938,116.326572,2008-10-23 10:46:10,001
39.998039,116.326615,2008-10-23 10:46:12,001
39.998146,116.326622,2008-10-23 10:46:15,001
39.998263,116.326635,2008-10-23 10:46:18,001
39.998381,116.326644,2008-10-23 10:46:21,001
39.998493,116.326642,2008-10-23 10:46:25,001
39.998617,116.326622,2008-10-23 10:46:28,001
39.998924,116.326603,2008-10-23 10:46:29,001
39.999019,116.326574,2008-10-23 10:46:30,001
39.999113,116.32655,2008-10-23 10:46:31,001
39.999232,116.326531,2008-10-23 10:46:34,001
39.999337,116.326513,2008-10-23 10:46:37,001
39.999471,116.326494,2008-10-23 10:46:40,001
39.999594,116.326449,2008-10-23 10:46:43,001
39.999672,116.326343,2008-10-23 10:46:47,001
39.999765,116.326273,2008-10-23 10:46:50,001
39.999828,116.326187,2008-10-23 10:46:53,001
39.99984,116.326064,2008-10-23 10:46:56,001
39.999848,116.325937,2008-10-23 10:46:59,001
39.99985,116.325819,2008-10-23 10:47:02,001
39.999842,116.325696,2008-10-23 10:47:05,001
39.999808,116.325582,2008-10-23 10:47:08,001
39.999811,116.325444,2008-10-23 10:47:12,001
39.999826,116.32531,2008-10-23 10:47:17,001
39.999787,116.325204,2008-10-23 10:47:20,001
39.99986,116.325099,2008-10-23 10:47:25,001
39.999898,116.324969,2008-10-23 10:47:27,001
39.999878,116.324815,2008-10-23 10:47:31,001
39.999828,116.324654,2008-10-23 10:47:34,001
39.999794,116.324512,2008-10-23 10:47:37,001
39.999816,116.324392,2008-10-23 10:47:41,001
39.999815,116.324254,2008-10-23 10:47:45,001
39.999814,116.324124,2008-10-23 10:47:48,001
39.999814,116.323955,2008-10-23 10:47:51,001
39.99983,116.323827,2008-10-23 10:47:54,001
39.999821,116.323704,2008-10-23 10:47:57,001
39.999827,116.323554,2008-10-23 10:48:01,001
39.999809,116.323382,2008-10-23 10:48:04,001
39.999796,116.323232,2008-10-23 10:48:07,001
39.999773,116.323095,2008-10-23 10:48:09,001
39.999787,116.322956,2008-10-23 10:48:12,001
39.999799,116.322821,2008-10-23 10:48:15,001
39.999838,116.322701,2008-10-23 10:48:18,001
39.999831,116.322563,2008-10-23 10:48:21,001
39.999838,116.322406,2008-10-23 10:48:25,001
39.999942,116.322319,2008-10-23 10:48:28,001
40.000026,116.322214,2008-10-23 10:48:31,001
40.000082,116.322072,2008-10-23 10:48:33,001
40.000164,116.321996,2008-10-23 10:48:37,001
40.000245,116.321964,2008-10-23 10:48:40,001
40.000312,116.321921,2008-10-23 10:48:45,001
40.000379,116.321901,2008-10-23 10:48:50,001
40.000461,116.321869,2008-10-23 10:48:55,001
40.000546,116.321826,2008-10-23 10:49:00,001
40.000661,116.321799,2008-10-23 10:49:04,001
40.000767,116.321822,2008-10-23 10:49:07,001
40.000856,116.321806,2008-10-23 10:49:10,001
40.00099,116.32177,2008-10-23 10:49:13,001
40.001131,116.321749,2008-10-23 10:49:15,001
40.001233,116.32174,2008-10-23 10:49:18,001
40.001323,116.321728,2008-10-23 10:49:22,001
40.001418,116.321696,2008-10-23 10:49:25,001
40.001511,116.321658,2008-10-23 10:49:30,001
40.001626,116.32167,2008-10-23 10:49:34,001
40.001769,116.321652,2008-10-23 10:49:38,001
40.001886,116.321642,2008-10-23 10:49:40,001
40.001972,116.32163,2008-10-23 10:49:44,001
40.002056,116.3216,2008-10-23 10:49:48,001
40.002144,116.3216,2008-10-23 10:49:52,001
40.002258,116.321592,2008-10-23 10:49:56,001
40.002411,116.321576,2008-10-23 10:49:59,001
40.002515,116.321562,2008-10-23 10:50:01,001
40.002609,116.321564,2008-10-23 10:50:04,001
40.002711,116.321569,2008-10-23 10:50:09,001
40.0028,116.32155,2008-10-23 10:50:12,001
40.002899,116.32152,2008-10-23 10:50:16,001
40.002995,116.321505,2008-10-23 10:50:19,001
40.003098,116.321496,2008-10-23 10:50:22,001
40.003213,116.321495,2008-10-23 10:50:26,001
40.003314,116.3215,2008-10-23 10:50:30,001
40.003458,116.321485,2008-10-23 10:50:34,001
40.003572,116.321455,2008-10-23 10:50:38,001
40.0037,116.321452,2008-10-23 10:50:41,001
40.003801,116.321465,2008-10-23 10:50:45,001
40.003903,116.321465,2008-10-23 10:50:49,001
40.00403,116.321456,2008-10-23 10:50:54,001
40.004141,116.321424,2008-10-23 10:50:58,001
40.004239,116.321404,2008-10-23 10:51:01,001
40.004335,116.321401,2008-10-23 10:51:04,001
40.0044,116.321379,2008-10-23 10:51:09,001
40.004449,116.321361,2008-10-23 10:51:14,001
40.004571,116.32134,2008-10-23 10:51:18,001
40.004674,116.32129,2008-10-23 10:51:22,001
40.004713,116.321176,2008-10-23 10:51:26,001
40.004781,116.321069,2008-10-23 10:51:30,001
40.004812,116.320936,2008-10-23 10:51:33,001
40.004815,116.320788,2008-10-23 10:51:37,001
40.004824,116.320635,2008-10-23 10:51:40,001
40.004816,116.320488,2008-10-23 10:51:43,001
40.004814,116.32034,2008-10-23 10:51:47,001
40.004809,116.320218,2008-10-23 10:51:50,001
40.004827,116.320101,2008-10-23 10:51:53,001
40.004847,116.319976,2008-10-23 10:51:56,001
40.004861,116.31985,2008-10-23 10:51:59,001
40.004866,116.319727,2008-10-23 10:52:02,001
40.004863,116.319604,2008-10-23 10:52:05,001
40.004878,116.319471,2008-10-23 10:52:08,001
40.004887,116.319338,2008-10-23 10:52:11,001
40.004896,116.319216,2008-10-23 10:52:14,001
40.004919,116.319096,2008-10-23 10:52:18,001
40.004932,116.318935,2008-10-23 10:52:22,001
40.004936,116.318786,2008-10-23 10:52:25,001
40.00492,116.318667,2008-10-23 10:52:27,001
40.004894,116.318484,2008-10-23 10:52:30,001
40.004906,116.318344,2008-10-23 10:52:33,001
40.004925,116.318207,2008-10-23 10:52:36,001
40.004976,116.318109,2008-10-23 10:52:38,001
40.005008,116.317982,2008-10-23 10:52:41,001
40.005021,116.317868,2008-10-23 10:52:46,001
40.005093,116.317838,2008-10-23 10:52:49,001
40.005206,116.317806,2008-10-23 10:52:53,001
40.005336,116.317808,2008-10-23 10:52:56,001
40.005435,116.317756,2008-10-23 10:53:01,001
40.005527,116.317748,2008-10-23 10:53:04,001
40.005632,116.317759,2008-10-23 10:53:06,001
40.005764,116.317728,2008-10-23 10:53:08,001
40.005866,116.317691,2008-10-23 10:53:12,001
40.005988,116.317684,2008-10-23 10:53:16,001
40.006115,116.317683,2008-10-23 10:53:20,001
40.006241,116.317674,2008-10-23 10:53:23,001
40.006316,116.317656,2008-10-23 10:53:28,001
40.006436,116.317701,2008-10-23 10:53:31,001
40.006536,116.317685,2008-10-23 10:53:34,001
40.006625,116.317682,2008-10-23 10:53:38,001
40.006728,116.317704,2008-10-23 10:53:40,001
40.006818,116.317729,2008-10-23 10:53:42,001
40.006918,116.317674,2008-10-23 10:53:45,001
40.007033,116.317661,2008-10-23 10:53:49,001
40.007099,116.317649,2008-10-23 10:53:54,001
40.00718,116.31763,2008-10-23 10:53:59,001
40.007296,116.317644,2008-10-23 10:54:03,001
40.00742,116.317659,2008-10-23 10:54:05,001
40.007522,116.317656,2008-10-23 10:54:06,001
40.007649,116.31766,2008-10-23 10:54:08,001
40.007787,116.317668,2008-10-23 10:54:10,001
40.007878,116.317681,2008-10-23 10:54:12,001
40.008004,116.317669,2008-10-23 10:54:15,001
40.008125,116.317645,2008-10-23 10:54:19,001
40.008238,116.317676,2008-10-23 10:54:22,001
40.008353,116.31769,2008-10-23 10:54:25,001
40.008443,116.317693,2008-10-23 10:54:27,001
40.008565,116.317695,2008-10-23 10:54:30,001
40.008682,116.317717,2008-10-23 10:54:33,001
40.008753,116.317693,2008-10-23 10:54:38,001
40.008792,116.317564,2008-10-23 10:54:43,001
40.008817,116.317442,2008-10-23 10:54:46,001
40.008833,116.317319,2008-10-23 10:54:49,001
40.008838,116.317191,2008-10-23 10:54:52,001
40.00884,116.317058,2008-10-23 10:54:55,001
40.008831,116.316931,2008-10-23 10:54:58,001
40.008818,116.316801,2008-10-23 10:55:01,001
40.008804,116.316652,2008-10-23 10:55:04,001
40.008792,116.316519,2008-10-23 10:55:07,001
40.008829,116.316359,2008-10-23 10:55:11,001
40.008916,116.316263,2008-10-23 10:55:15,001
40.009034,116.316211,2008-10-23 10:55:18,001
40.009173,116.316198,2008-10-23 10:55:21,001
40.009265,116.316192,2008-10-23 10:55:23,001
40.009392,116.316167,2008-10-23 10:55:26,001
40.009478,116.316133,2008-10-23 10:55:29,001
40.00954,116.316026,2008-10-23 10:55:33,001
40.009559,116.31591,2008-10-23 10:55:37,001
40.009601,116.315804,2008-10-23 10:55:42,001
40.009632,116.315685,2008-10-23 10:55:47,001
40.009635,116.315572,2008-10-23 10:55:51,001
40.009626,116.315432,2008-10-23 10:55:55,001
40.009677,116.315333,2008-10-23 10:55:57,001
40.009729,116.315188,2008-10-23 10:56:01,001
40.0098,116.315107,2008-10-23 10:56:05,001
40.009843,116.314993,2008-10-23 10:56:10,001
40.009928,116.314928,2008-10-23 10:56:14,001
40.009983,116.314836,2008-10-23 10:56:19,001
40.010069,116.314758,2008-10-23 10:56:23,001
40.01015,116.314706,2008-10-23 10:56:26,001
40.010196,116.31464,2008-10-23 10:56:31,001
40.010282,116.314561,2008-10-23 10:56:36,001
40.010332,116.314464,2008-10-23 10:56:41,001
40.010535,116.314258,2008-10-23 10:56:43,001
40.010625,116.314208,2008-10-23 10:56:45,001
40.01072,116.31406,2008-10-23 10:56:50,001
40.010166,116.313528,2008-10-23 10:56:53,001
40.009802,116.313247,2008-10-23 10:56:54,001
40.009262,116.312948,2008-10-23 10:56:55,001
40.008987,116.312734,2008-10-23 10:56:57,001
40.009086,116.312738,2008-10-23 10:56:58,001
40.009178,116.312728,2008-10-23 10:56:59,001
40.009293,116.312687,2008-10-23 10:57:01,001
40.009391,116.312686,2008-10-23 10:57:03,001
40.009511,116.312661,2008-10-23 10:57:06,001
40.009645,116.312623,2008-10-23 10:57:09,001
40.009813,116.312616,2008-10-23 10:57:11,001
40.009904,116.312617,2008-10-23 10:57:13,001
40.01,116.312615,2008-10-23 10:57:16,001
40.010108,116.312617,2008-10-23 10:57:19,001
40.010213,116.312599,2008-10-23 10:57:23,001
40.010315,116.312595,2008-10-23 10:57:27,001
40.010408,116.312592,2008-10-23 10:57:32,001
40.010498,116.312573,2008-10-23 10:57:36,001
40.010596,116.312575,2008-10-23 10:57:39,001
40.010692,116.312586,2008-10-23 10:57:42,001
40.010786,116.312587,2008-10-23 10:57:45,001
40.010882,116.312587,2008-10-23 10:57:49,001
40.010983,116.312584,2008-10-23 10:57:53,001
40.011085,116.312558,2008-10-23 10:57:58,001
40.011178,116.312571,2008-10-23 10:58:03,001
40.011273,116.312532,2008-10-23 10:58:06,001
40.011325,116.312457,2008-10-23 10:58:11,001
40.011326,116.312445,2008-10-23 10:58:16,001
40.011318,116.312444,2008-10-23 10:58:21,001
40.011315,116.312443,2008-10-23 10:58:26,001
40.011315,116.312443,2008-10-23 10:58:29,001
40.011313,116.312443,2008-10-23 10:58:31,001
40.0113,116.312442,2008-10-23 10:58:36,001
40.0113,116.312442,2008-10-23 10:58:39,001
40.011307,116.312438,2008-10-23 10:58:41,001
40.011317,116.312368,2008-10-23 10:58:46,001
40.011297,116.312265,2008-10-23 10:58:51,001
40.011326,116.312153,2008-10-23 10:58:56,001
40.01138,116.312039,2008-10-23 10:59:01,001
40.011489,116.311988,2008-10-23 10:59:05,001
40.011604,116.311964,2008-10-23 10:59:09,001
40.011729,116.311952,2008-10-23 10:59:13,001
40.011828,116.31195,2008-10-23 10:59:16,001
40.011918,116.311947,2008-10-23 10:59:19,001
40.012014,116.311962,2008-10-23 10:59:23,001
40.012111,116.311976,2008-10-23 10:59:27,001
40.012225,116.311964,2008-10-23 10:59:31,001
40.012331,116.311941,2008-10-23 10:59:34,001
40.012426,116.311931,2008-10-23 10:59:37,001
40.012523,116.311921,2008-10-23 10:59:41,001
40.012627,116.311908,2008-10-23 10:59:45,001
40.012736,116.311887,2008-10-23 10:59:49,001
40.012844,116.311867,2008-10-23 10:59:52,001
40.01296,116.311856,2008-10-23 10:59:55,001
40.013071,116.31185,2008-10-23 10:59:58,001
40.01317,116.311828,2008-10-23 11:00:02,001
40.01326,116.31181,2008-10-23 11:00:05,001
40.01338,116.311797,2008-10-23 11:00:09,001
40.013491,116.311793,2008-10-23 11:00:13,001
40.013588,116.31178,2008-10-23 11:00:16,001
40.013722,116.311766,2008-10-23 11:00:19,001
40.013827,116.311729,2008-10-23 11:00:23,001
40.013936,116.311709,2008-10-23 11:00:26,001
40.014045,116.31165,2008-10-23 11:00:30,001
40.01415,116.311627,2008-10-23 11:00:33,001
40.014246,116.311597,2008-10-23 11:00:36,001
40.014354,116.311551,2008-10-23 11:00:40,001
40.014461,116.311518,2008-10-23 11:00:43,001
40.014549,116.311483,2008-10-23 11:00:46,001
40.014632,116.311425,2008-10-23 11:00:49,001
40.014721,116.31137,2008-10-23 11:00:52,001
40.014826,116.311333,2008-10-23 11:00:55,001
40.014923,116.311265,2008-10-23 11:01:00,001
40.015047,116.311197,2008-10-23 11:01:03,001
40.015151,116.311146,2008-10-23 11:01:06,001
40.015243,116.311068,2008-10-23 11:01:10,001
40.015322,116.311013,2008-10-23 11:01:13,001
40.015429,116.310961,2008-10-23 11:01:16,001
40.015495,116.310925,2008-10-23 11:01:21,001
40.015579,116.310879,2008-10-23 11:01:25,001
40.015672,116.310828,2008-10-23 11:01:28,001
40.015778,116.310762,2008-10-23 11:01:32,001
40.015865,116.31071,2008-10-23 11:01:35,001
40.015955,116.310622,2008-10-23 11:01:39,001
40.016024,116.310517,2008-10-23 11:01:43,001
40.016107,116.31044,2008-10-23 11:01:47,001
40.016171,116.310345,2008-10-23 11:01:51,001
40.016267,116.31026,2008-10-23 11:01:55,001
40.016352,116.310196,2008-10-23 11:01:59,001
40.016448,116.310135,2008-10-23 11:02:03,001
40.016521,116.310047,2008-10-23 11:02:08,001
40.016569,116.309919,2008-10-23 11:02:13,001
40.016593,116.309786,2008-10-23 11:02:17,001
40.016576,116.30963,2008-10-23 11:02:20,001
40.016551,116.309473,2008-10-23 11:02:23,001
40.016523,116.309312,2008-10-23 11:02:26,001
40.016479,116.309175,2008-10-23 11:02:29,001
40.016447,116.309038,2008-10-23 11:02:32,001
40.016425,116.308891,2008-10-23 11:02:35,001
40.016426,116.308741,2008-10-23 11:02:38,001
40.0164,116.308606,2008-10-23 11:02:41,001
40.016383,116.308486,2008-10-23 11:02:44,001
40.016359,116.308345,2008-10-23 11:02:48,001
40.016336,116.308211,2008-10-23 11:02:52,001
40.016307,116.308087,2008-10-23 11:02:56,001
40.016273,116.307952,2008-10-23 11:03:00,001
40.016274,116.307818,2008-10-23 11:03:03,001
40.016238,116.307691,2008-10-23 11:03:06,001
40.016211,116.307567,2008-10-23 11:03:09,001
40.016173,116.307415,2008-10-23 11:03:13,001
40.01615,116.307288,2008-10-23 11:03:16,001
40.016123,116.307134,2008-10-23 11:03:20,001
40.016096,116.30699,2008-10-23 11:03:24,001
40.016068,116.306876,2008-10-23 11:03:28,001
40.016044,116.30676,2008-10-23 11:03:32,001
40.016016,116.306654,2008-10-23 11:03:36,001
40.016009,116.30653,2008-10-23 11:03:41,001
40.015975,116.306384,2008-10-23 11:03:46,001
40.015959,116.306252,2008-10-23 11:03:51,001
40.01596,116.306165,2008-10-23 11:03:56,001
40.015947,116.306116,2008-10-23 11:04:01,001
40.015948,116.306097,2008-10-23 11:04:06,001
40.015954,116.306098,2008-10-23 11:04:11,001
40.015954,116.306098,2008-10-23 11:04:14,001
40.015954,116.306098,2008-10-23 11:04:16,001
40.015959,116.306114,2008-10-23 11:04:21,001
40.015963,116.306128,2008-10-23 11:04:26,001
40.015963,116.30613,2008-10-23 11:04:31,001
40.015961,116.306123,2008-10-23 11:04:36,001
40.01596,116.306118,2008-10-23 11:04:41,001
40.015961,116.306119,2008-10-23 11:04:46,001
40.01596,116.30612,2008-10-23 11:04:51,001
40.015961,116.30612,2008-10-23 11:04:56,001
40.015961,116.306119,2008-10-23 11:05:01,001
40.015961,116.306119,2008-10-23 11:05:04,001
40.015959,116.306113,2008-10-23 11:05:06,001
40.015961,116.306087,2008-10-23 11:05:11,001
40.015887,116.306009,2008-10-23 11:05:14,001
40.01589,116.305929,2008-10-23 11:05:19,001
40.015868,116.305824,2008-10-23 11:05:24,001
40.015883,116.305749,2008-10-23 11:05:29,001
40.015881,116.305646,2008-10-23 11:05:34,001
40.015846,116.305621,2008-10-23 11:05:39,001
40.015866,116.305688,2008-10-23 11:05:44,001
40.015893,116.305809,2008-10-23 11:05:49,001
40.015923,116.305934,2008-10-23 11:05:53,001
40.015955,116.30605,2008-10-23 11:05:57,001
40.015971,116.306173,2008-10-23 11:06:02,001
40.015983,116.30629,2008-10-23 11:06:07,001
40.015989,116.306416,2008-10-23 11:06:12,001
40.015994,116.306461,2008-10-23 11:06:17,001
40.015984,116.306517,2008-10-23 11:06:22,001
40.015979,116.306551,2008-10-23 11:06:27,001
40.015995,116.306565,2008-10-23 11:06:32,001
40.015998,116.306576,2008-10-23 11:06:37,001
40.016002,116.306592,2008-10-23 11:06:42,001
40.015998,116.306597,2008-10-23 11:06:47,001
40.015996,116.306593,2008-10-23 11:06:52,001
40.015995,116.30659,2008-10-23 11:06:57,001
40.015994,116.306588,2008-10-23 11:07:02,001
40.015995,116.306589,2008-10-23 11:07:07,001
40.015993,116.306583,2008-10-23 11:07:12,001
40.015992,116.306578,2008-10-23 11:07:17,001
40.015992,116.306579,2008-10-23 11:07:22,001
40.015992,116.306579,2008-10-23 11:07:27,001
40.015992,116.306579,2008-10-23 11:07:30,001
40.015994,116.306585,2008-10-23 11:07:32,001
40.015996,116.306595,2008-10-23 11:07:37,001
40.015996,116.306596,2008-10-23 11:07:42,001
40.015996,116.306591,2008-10-23 11:07:47,001
40.015996,116.306592,2008-10-23 11:07:52,001
40.015996,116.306591,2008-10-23 11:07:57,001
40.015996,116.306591,2008-10-23 11:08:00,001
40.015994,116.306587,2008-10-23 11:08:02,001
40.016006,116.306578,2008-10-23 11:08:07,001
40.016006,116.306566,2008-10-23 11:08:12,001
40.016013,116.306556,2008-10-23 11:08:17,001
40.01602,116.306529,2008-10-23 11:08:22,001
40.016012,116.306444,2008-10-23 11:08:27,001
40.015985,116.306327,2008-10-23 11:08:31,001
40.015959,116.306207,2008-10-23 11:08:35,001
40.015943,116.30607,2008-10-23 11:08:39,001
40.01593,116.305942,2008-10-23 11:08:42,001
40.015915,116.305816,2008-10-23 11:08:45,001
40.015901,116.305698,2008-10-23 11:08:48,001
40.01585,116.305589,2008-10-23 11:08:52,001
40.015745,116.305567,2008-10-23 11:08:57,001
40.015657,116.305528,2008-10-23 11:09:01,001
40.015552,116.305494,2008-10-23 11:09:05,001
40.015432,116.305485,2008-10-23 11:09:10,001
40.015322,116.305468,2008-10-23 11:09:14,001
40.015234,116.305487,2008-10-23 11:09:17,001
40.015123,116.305514,2008-10-23 11:09:20,001
40.015013,116.305539,2008-10-23 11:09:23,001
40.01489,116.305547,2008-10-23 11:09:26,001
40.01478,116.305571,2008-10-23 11:09:29,001
40.014683,116.305599,2008-10-23 11:09:31,001
40.014572,116.305591,2008-10-23 11:09:35,001
40.014459,116.305603,2008-10-23 11:09:39,001
40.014363,116.305603,2008-10-23 11:09:42,001
40.014253,116.305638,2008-10-23 11:09:46,001
40.014175,116.305708,2008-10-23 11:09:49,001
40.014184,116.305833,2008-10-23 11:09:53,001
40.014179,116.305952,2008-10-23 11:09:57,001
40.014154,116.3061,2008-10-23 11:10:01,001
40.014155,116.306224,2008-10-23 11:10:05,001
40.014067,116.306305,2008-10-23 11:10:09,001
40.013972,116.306322,2008-10-23 11:10:14,001
40.013876,116.306365,2008-10-23 11:10:19,001
40.013812,116.306403,2008-10-23 11:10:24,001
40.013792,116.306424,2008-10-23 11:10:29,001
40.01354,116.306489,2008-10-23 11:49:08,001
40.013513,116.306449,2008-10-23 11:49:13,001
40.013553,116.306455,2008-10-23 11:49:18,001
40.013601,116.306493,2008-10-23 11:49:23,001
40.013668,116.306482,2008-10-23 11:49:28,001
40.013694,116.306474,2008-10-23 11:49:33,001
40.013713,116.306484,2008-10-23 11:49:38,001
40.013712,116.306517,2008-10-23 11:49:43,001
40.013731,116.306525,2008-10-23 11:49:48,001
40.013767,116.3065,2008-10-23 11:49:53,001
40.013785,116.306478,2008-10-23 11:49:58,001
40.013805,116.306507,2008-10-23 11:50:03,001
40.013841,116.30651,2008-10-23 11:50:08,001
40.013865,116.306516,2008-10-23 11:50:13,001
40.013878,116.306531,2008-10-23 11:50:18,001
40.013864,116.30655,2008-10-23 11:50:23,001
40.013835,116.306544,2008-10-23 11:50:28,001
40.013835,116.306544,2008-10-23 11:50:31,001
40.01383,116.306545,2008-10-23 11:50:33,001
40.013839,116.306541,2008-10-23 11:50:38,001
40.013845,116.306538,2008-10-23 11:50:43,001
40.013849,116.306537,2008-10-23 11:50:48,001
40.013852,116.306536,2008-10-23 11:50:53,001
40.013852,116.306536,2008-10-23 11:50:56,001
40.013857,116.306534,2008-10-23 11:50:58,001
40.013866,116.30653,2008-10-23 11:51:03,001
40.013864,116.306531,2008-10-23 11:51:08,001
40.013856,116.306534,2008-10-23 11:51:13,001
40.013853,116.306535,2008-10-23 11:51:18,001
40.013853,116.306535,2008-10-23 11:51:21,001
40.013857,116.306533,2008-10-23 11:51:23,001
40.013874,116.306532,2008-10-23 11:51:28,001
40.01389,116.306539,2008-10-23 11:51:33,001
40.013882,116.306543,2008-10-23 11:51:38,001
40.013876,116.306547,2008-10-23 11:51:43,001
40.013869,116.306549,2008-10-23 11:51:48,001
40.013869,116.306549,2008-10-23 11:51:51,001
40.013862,116.306552,2008-10-23 11:51:53,001
40.013841,116.306552,2008-10-23 11:51:58,001
40.01383,116.306547,2008-10-23 11:52:03,001
40.013833,116.306546,2008-10-23 11:52:08,001
40.013831,116.306546,2008-10-23 11:52:13,001
40.013832,116.306545,2008-10-23 11:52:18,001
40.013829,116.306546,2008-10-23 11:52:23,001
40.013833,116.306544,2008-10-23 11:52:28,001
40.013834,116.306542,2008-10-23 11:52:33,001
40.013828,116.306545,2008-10-23 11:52:38,001
40.013827,116.306545,2008-10-23 11:52:43,001
40.013829,116.306543,2008-10-23 11:52:48,001
40.013833,116.306541,2008-10-23 11:52:53,001
40.013839,116.306537,2008-10-23 11:52:58,001
40.013834,116.30654,2008-10-23 11:53:03,001
40.013834,116.30654,2008-10-23 11:53:06,001
40.013831,116.306541,2008-10-23 11:53:08,001
40.013815,116.30654,2008-10-23 11:53:13,001
40.013822,116.306533,2008-10-23 11:53:18,001
40.013825,116.306536,2008-10-23 11:53:23,001
40.013826,116.306535,2008-10-23 11:53:28,001
40.013826,116.306535,2008-10-23 11:53:33,001
40.013826,116.306535,2008-10-23 11:53:38,001
40.013826,116.306536,2008-10-23 11:53:43,001
40.013826,116.306536,2008-10-23 11:53:48,001
40.013825,116.306536,2008-10-23 11:53:53,001
40.013824,116.306536,2008-10-23 11:53:58,001
40.013824,116.306536,2008-10-23 11:54:03,001
40.013824,116.306535,2008-10-23 11:54:08,001
40.013824,116.306535,2008-10-23 11:54:13,001
40.013824,116.306535,2008-10-23 11:54:18,001
40.013824,116.306535,2008-10-23 11:54:23,001
40.013823,116.306535,2008-10-23 11:54:28,001
40.013823,116.306535,2008-10-23 11:54:33,001
40.013823,116.306535,2008-10-23 11:54:38,001
40.013823,116.306535,2008-10-23 11:54:43,001
40.013823,116.306535,2008-10-23 11:54:48,001
40.013824,116.306535,2008-10-23 11:54:53,001
40.013824,116.306535,2008-10-23 11:54:58,001
40.013824,116.306535,2008-10-23 11:55:03,001
40.013824,116.306535,2008-10-23 11:55:08,001
40.013823,116.306534,2008-10-23 11:55:13,001
40.013823,116.306533,2008-10-23 11:55:18,001
40.013823,116.306533,2008-10-23 11:55:23,001
40.013823,116.306532,2008-10-23 11:55:28,001
40.013823,116.306532,2008-10-23 11:55:33,001
40.013823,116.306532,2008-10-23 11:55:38,001
40.013822,116.306532,2008-10-23 11:55:43,001
40.013822,116.306532,2008-10-23 11:55:48,001
40.013821,116.306532,2008-10-23 11:55:53,001
40.013821,116.306531,2008-10-23 11:55:58,001
40.013821,116.30653,2008-10-23 11:56:03,001
40.01382,116.306529,2008-10-23 11:56:08,001
40.013819,116.306529,2008-10-23 11:56:13,001
40.013819,116.306529,2008-10-23 11:56:18,001
40.013819,116.306529,2008-10-23 11:56:23,001
40.01382,116.306529,2008-10-23 11:56:28,001
40.01382,116.306529,2008-10-23 11:56:33,001
40.013821,116.306529,2008-10-23 11:56:38,001
40.013821,116.30653,2008-10-23 11:56:43,001
40.013822,116.306529,2008-10-23 11:56:48,001
40.013821,116.306529,2008-10-23 11:56:53,001
40.013821,116.306529,2008-10-23 11:56:58,001
40.01382,116.306528,2008-10-23 11:57:03,001
40.01382,116.306528,2008-10-23 11:57:08,001
40.01382,116.306527,2008-10-23 11:57:13,001
40.01382,116.306527,2008-10-23 11:57:18,001
40.013819,116.306526,2008-10-23 11:57:23,001
40.013818,116.306526,2008-10-23 11:57:28,001
40.013819,116.306525,2008-10-23 11:57:33,001
40.013818,116.306525,2008-10-23 11:57:38,001
40.013818,116.306525,2008-10-23 11:57:43,001
40.013818,116.306525,2008-10-23 11:57:48,001
40.013817,116.306524,2008-10-23 11:57:53,001
40.013817,116.306525,2008-10-23 11:57:58,001
40.013817,116.306525,2008-10-23 11:58:03,001
40.013815,116.306524,2008-10-23 11:58:08,001
40.013815,116.306524,2008-10-23 11:58:13,001
40.013814,116.306524,2008-10-23 11:58:18,001
40.013814,116.306524,2008-10-23 11:58:23,001
40.013814,116.306525,2008-10-23 11:58:28,001
40.013814,116.306525,2008-10-23 11:58:33,001
40.013813,116.306525,2008-10-23 11:58:38,001
40.013814,116.306526,2008-10-23 11:58:43,001
40.013814,116.306527,2008-10-23 11:58:48,001
40.013814,116.306528,2008-10-23 11:58:53,001
40.013814,116.306528,2008-10-23 11:58:58,001
40.013814,116.306529,2008-10-23 11:59:03,001
40.013814,116.30653,2008-10-23 11:59:08,001
40.013815,116.30653,2008-10-23 11:59:13,001
40.013815,116.306531,2008-10-23 11:59:18,001
40.013815,116.306531,2008-10-23 11:59:23,001
40.013815,116.306531,2008-10-23 11:59:28,001
40.013816,116.306531,2008-10-23 11:59:33,001
40.013815,116.306532,2008-10-23 11:59:38,001
40.013815,116.306532,2008-10-23 11:59:43,001
40.013815,116.306532,2008-10-23 11:59:48,001
40.013815,116.306532,2008-10-23 11:59:53,001
40.013814,116.306531,2008-10-23 11:59:58,001
40.013814,116.306531,2008-10-23 12:00:03,001
40.013814,116.306531,2008-10-23 12:00:08,001
40.013814,116.306531,2008-10-23 12:00:13,001
40.013813,116.306531,2008-10-23 12:00:18,001
40.013813,116.306531,2008-10-23 12:00:23,001
40.013812,116.306531,2008-10-23 12:00:28,001
40.013812,116.306531,2008-10-23 12:00:33,001
40.013812,116.30653,2008-10-23 12:00:38,001
40.013811,116.306531,2008-10-23 12:00:43,001
40.013811,116.30653,2008-10-23 12:00:48,001
40.01381,116.306531,2008-10-23 12:00:53,001
40.01381,116.306531,2008-10-23 12:00:58,001
40.013809,116.306531,2008-10-23 12:01:03,001
40.013809,116.306532,2008-10-23 12:01:08,001
40.013809,116.306532,2008-10-23 12:01:13,001
40.013809,116.306533,2008-10-23 12:01:18,001
40.013808,116.306533,2008-10-23 12:01:23,001
40.013808,116.306533,2008-10-23 12:01:28,001
40.013808,116.306533,2008-10-23 12:01:33,001
40.013807,116.306533,2008-10-23 12:01:38,001
40.013807,116.306533,2008-10-23 12:01:43,001
40.013807,116.306533,2008-10-23 12:01:48,001
40.013806,116.306533,2008-10-23 12:01:53,001
40.013806,116.306533,2008-10-23 12:01:58,001
40.013806,116.306533,2008-10-23 12:02:03,001
40.013806,116.306533,2008-10-23 12:02:08,001
40.013805,116.306533,2008-10-23 12:02:13,001
40.013805,116.306533,2008-10-23 12:02:18,001
40.013804,116.306532,2008-10-23 12:02:23,001
40.013804,116.306532,2008-10-23 12:02:28,001
40.013804,116.306532,2008-10-23 12:02:33,001
40.013804,116.306533,2008-10-23 12:02:38,001
40.013804,116.306533,2008-10-23 12:02:43,001
40.013804,116.306533,2008-10-23 12:02:48,001
40.013804,116.306533,2008-10-23 12:02:53,001
40.013805,116.306533,2008-10-23 12:02:58,001
40.013806,116.306532,2008-10-23 12:03:03,001
40.013806,116.306532,2008-10-23 12:03:08,001
40.013806,116.306532,2008-10-23 12:03:13,001
40.013806,116.306532,2008-10-23 12:03:18,001
40.013807,116.306532,2008-10-23 12:03:23,001
40.013806,116.306532,2008-10-23 12:03:28,001
40.013806,116.306532,2008-10-23 12:03:33,001
40.013806,116.306532,2008-10-23 12:03:38,001
40.013806,116.306532,2008-10-23 12:03:43,001
40.013805,116.306532,2008-10-23 12:03:48,001
40.013805,116.306532,2008-10-23 12:03:53,001
40.013805,116.306532,2008-10-23 12:03:58,001
40.013804,116.306532,2008-10-23 12:04:03,001
40.013804,116.306532,2008-10-23 12:04:08,001
40.013804,116.306532,2008-10-23 12:04:13,001
40.013803,116.306532,2008-10-23 12:04:18,001
40.013803,116.306532,2008-10-23 12:04:23,001
40.013803,116.306532,2008-10-23 12:04:26,001
40.013803,116.306531,2008-10-23 12:04:28,001
40.013867,116.306473,2008-10-23 23:41:04,001
40.013907,116.306488,2008-10-23 23:41:06,001
40.013874,116.306478,2008-10-23 23:41:11,001
40.013887,116.30649,2008-10-23 23:41:16,001
40.013902,116.306504,2008-10-23 23:41:21,001
40.013887,116.306512,2008-10-23 23:41:26,001
40.013864,116.306525,2008-10-23 23:41:31,001
40.013872,116.306527,2008-10-23 23:41:36,001
40.013871,116.306533,2008-10-23 23:41:41,001
40.013864,116.306526,2008-10-23 23:41:46,001
40.013864,116.306526,2008-10-23 23:41:49,001
40.013859,116.306526,2008-10-23 23:41:51,001
40.013865,116.306538,2008-10-23 23:41:56,001
40.013853,116.306535,2008-10-23 23:42:01,001
40.013837,116.30655,2008-10-23 23:42:06,001
40.013846,116.306565,2008-10-23 23:42:11,001
40.013855,116.306561,2008-10-23 23:42:16,001
40.013847,116.306543,2008-10-23 23:42:21,001
40.013843,116.306544,2008-10-23 23:42:26,001
40.013838,116.306549,2008-10-23 23:42:31,001
40.013838,116.306549,2008-10-23 23:42:34,001
40.013833,116.306551,2008-10-23 23:42:36,001
40.013824,116.306546,2008-10-23 23:42:41,001
40.013824,116.306546,2008-10-23 23:42:44,001
40.01382,116.306541,2008-10-23 23:42:46,001
40.013825,116.306557,2008-10-23 23:42:51,001
40.013825,116.306541,2008-10-23 23:42:56,001
40.013815,116.306551,2008-10-23 23:43:01,001
40.013814,116.306555,2008-10-23 23:43:06,001
40.013814,116.306555,2008-10-23 23:43:09,001
40.013818,116.306563,2008-10-23 23:43:11,001
40.013809,116.306561,2008-10-23 23:43:16,001
40.01377,116.306554,2008-10-23 23:43:21,001
40.013766,116.306537,2008-10-23 23:43:26,001
40.013765,116.306468,2008-10-23 23:43:31,001
40.013828,116.306413,2008-10-23 23:43:36,001
40.013905,116.306365,2008-10-23 23:43:41,001
40.013992,116.306323,2008-10-23 23:43:46,001